--CLIENTS
insert into CLIENTS (id, name, last_name, email, created_at, PHOTO) values (1, 'Chas', 'Madine', 'cmadine0@berkeley.edu', '2017-07-17', '');
insert into CLIENTS (id, name, last_name, email, created_at, PHOTO) values (2, 'Floris', 'Denis', 'fdenis1@cargocollective.com', '2018-06-06', '');
insert into CLIENTS (id, name, last_name, email, created_at, PHOTO) values (3, 'Ivan', 'Ebourne', 'iebourne2@addthis.com', '2017-11-25', '');
insert into CLIENTS (id, name, last_name, email, created_at, PHOTO) values (4, 'Teriann', 'Tregona', 'ttregona3@biglobe.ne.jp', '2017-12-06', '');
insert into CLIENTS (id, name, last_name, email, created_at, PHOTO) values (5, 'Claiborne', 'Boddington', 'cboddington4@army.mil', '2018-06-27', '');
insert into CLIENTS (id, name, last_name, email, created_at, PHOTO) values (6, 'Mignon', 'Brodbin', 'mbrodbin5@drupal.org', '2017-08-15', '');
insert into CLIENTS (id, name, last_name, email, created_at, PHOTO) values (7, 'Jodee', 'Plenty', 'jplenty6@netscape.com', '2018-03-13', '');
insert into CLIENTS (id, name, last_name, email, created_at, PHOTO) values (8, 'Felisha', 'Ciccoloi', 'fciccoloi7@g.co', '2018-02-10', '');
insert into CLIENTS (id, name, last_name, email, created_at, PHOTO) values (9, 'Linc', 'Detloff', 'ldetloff8@netvibes.com', '2017-08-14', '');
insert into CLIENTS (id, name, last_name, email, created_at, PHOTO) values (10, 'Pedro', 'Caslett', 'pcaslett9@boston.com', '2017-11-15', '');
insert into CLIENTS (id, name, last_name, email, created_at, PHOTO) values (11, 'Fancy', 'Meikle', 'fmeiklea@globo.com', '2017-11-11', '');
insert into CLIENTS (id, name, last_name, email, created_at, PHOTO) values (12, 'Georgie', 'Robbert', 'grobbertb@facebook.com', '2017-11-28', '');
insert into CLIENTS (id, name, last_name, email, created_at, PHOTO) values (13, 'Steffi', 'Bilbrooke', 'sbilbrookec@amazon.co.uk', '2018-04-05', '');
insert into CLIENTS (id, name, last_name, email, created_at, PHOTO) values (14, 'Joyann', 'Covotto', 'jcovottod@51.la', '2017-12-13', '');
insert into CLIENTS (id, name, last_name, email, created_at, PHOTO) values (15, 'Nataline', 'Barsham', 'nbarshame@yahoo.com', '2018-03-03', '');
insert into CLIENTS (id, name, last_name, email, created_at, PHOTO) values (16, 'Aurel', 'Ickovits', 'aickovitsf@about.com', '2017-09-14', '');
insert into CLIENTS (id, name, last_name, email, created_at, PHOTO) values (17, 'Maye', 'Pawlaczyk', 'mpawlaczykg@comcast.net', '2018-04-06', '');
insert into CLIENTS (id, name, last_name, email, created_at, PHOTO) values (18, 'Star', 'Dachs', 'sdachsh@phpbb.com', '2017-12-29', '');
insert into CLIENTS (id, name, last_name, email, created_at, PHOTO) values (19, 'Malvina', 'Garlant', 'mgarlanti@themeforest.net', '2018-04-30', '');
insert into CLIENTS (id, name, last_name, email, created_at, PHOTO) values (20, 'Holden', 'Amies', 'hamiesj@gmpg.org', '2018-02-28', '');

--PRODUCTS
insert into PRODUCTS (id, name, PRICE, DATE) values (1, 'Mop Head - Cotton, 24 Oz', 9308.38, '2018-06-25');
insert into PRODUCTS (id, name, PRICE, DATE) values (2, 'Longos - Chicken Caeser Salad', 9109.82, '2018-02-07');
insert into PRODUCTS (id, name, PRICE, DATE) values (3, 'Placemat - Scallop, White', 4118.63, '2017-09-16');
insert into PRODUCTS (id, name, PRICE, DATE) values (4, 'Wine - Bourgogne 2002, La', 2165.53, '2017-09-20');
insert into PRODUCTS (id, name, PRICE, DATE) values (5, 'Jagermeister', 5720.3, '2018-02-22');
insert into PRODUCTS (id, name, PRICE, DATE) values (6, 'Sole - Fillet', 8667.03, '2018-04-01');
insert into PRODUCTS (id, name, PRICE, DATE) values (7, 'Muffin Batt - Choc Chk', 6981.39, '2018-06-20');
insert into PRODUCTS (id, name, PRICE, DATE) values (8, 'Lobster - Tail, 3 - 4 Oz', 6228.48, '2017-09-25');
insert into PRODUCTS (id, name, PRICE, DATE) values (9, 'Mint - Fresh', 9917.92, '2017-12-07');
insert into PRODUCTS (id, name, PRICE, DATE) values (10, 'Wine - White, Riesling, Semi - Dry', 9700.24, '2018-02-14');
insert into PRODUCTS (id, name, PRICE, DATE) values (11, 'Bread - Olive', 5939.05, '2017-11-13');
insert into PRODUCTS (id, name, PRICE, DATE) values (12, 'Sprite - 355 Ml', 9998.33, '2018-02-16');
insert into PRODUCTS (id, name, PRICE, DATE) values (13, 'Eggplant Italian', 9571.55, '2018-06-04');
insert into PRODUCTS (id, name, PRICE, DATE) values (14, 'Pasta - Penne, Rigate, Dry', 7414.08, '2018-06-16');
insert into PRODUCTS (id, name, PRICE, DATE) values (15, 'Bread Sour Rolls', 1183.77, '2017-08-06');
insert into PRODUCTS (id, name, PRICE, DATE) values (16, 'Seaweed Green Sheets', 4444.71, '2017-12-29');
insert into PRODUCTS (id, name, PRICE, DATE) values (17, 'Wine - Barossa Valley Estate', 427.77, '2017-10-18');
insert into PRODUCTS (id, name, PRICE, DATE) values (18, 'Cake - Mini Potato Pancake', 9067.27, '2018-04-03');
insert into PRODUCTS (id, name, PRICE, DATE) values (19, 'Wine - Cotes Du Rhone Parallele', 1247.65, '2018-01-29');
insert into PRODUCTS (id, name, PRICE, DATE) values (20, 'Soup - Campbells Mac N Cheese', 9258.47, '2018-06-24');

--BILLS
insert into BILLS (ID, DESCRIPTION, COMMENT, DATE, CLIENT_ID) values (1, 'Garden', 'Safe Bulkers, Inc', '2018-05-23', 1);
insert into BILLS (ID, DESCRIPTION, COMMENT, DATE, CLIENT_ID) values (2, 'Kids', 'Natural Resource Partners LP', '2018-05-19', 1);

--BILL ITEMS
insert into BILLS_ITEMS (id, quantity, product_id, bill_id) values (1, 10, 14, 1);
insert into BILLS_ITEMS (id, quantity, product_id, bill_id) values (2, 6, 1, 1);
insert into BILLS_ITEMS (id, quantity, product_id, bill_id) values (3, 7, 14, 1);
insert into BILLS_ITEMS (id, quantity, product_id, bill_id) values (4, 10, 12, 2);
insert into BILLS_ITEMS (id, quantity, product_id, bill_id) values (5, 10, 7, 2);


--USERS
insert into users (id, username, password, enabled) values (1, 'admin', '$2a$10$yWVjFUdTkTkNB1nadUSawO544/0tXO8z.jhO4Jf8PYfO6OOsP8LSe', 1); -- password = 1234 encrypted
insert into users (id, username, password, enabled) values (2, 'user1', '$2a$10$4gc0BAa90vdl3beckbKkAO55OuUDD.6.dViqkspFqU.RSKKeGZsnC', 1); -- password = 1234 encrypted

--AUTHORITIES
insert into authorities (id, authority, user_id) values (1, 'ROLE_ADMIN', 1);
insert into authorities (id, authority, user_id) values (2, 'ROLE_USER', 1);
insert into authorities (id, authority, user_id) values (3, 'ROLE_USER', 2);